[
    {
        "id":1,
        "imgUrl": "https://multimedia.bbycastatic.ca/multimedia/products/250x250/157/15759/15759961.jpg",
        "title": "Bell Google Pixel 6 128GB - Stormy Black - Monthly Financing",
        "rate":"⭐⭐⭐⭐⭐ (1 Reviews)",
        "price":"20.00",
        "p1":"Start activation online",
        "p2":"Sold in stores",
        "brand":"android"
      },
      {
        "id":2,
        "imgUrl": "https://multimedia.bbycastatic.ca/multimedia/products/250x250/159/15963/15963305.jpg",
        "title": "Rogers Samsung Galaxy S22 5G 128GB - Green - Monthly Financing",
        "rate":"",
        "price":"25.84",
        "p1":"Start activation online",
        "p2":"Sold in stores",
        "brand":"android"
      },
      {
        "id":3,
        "imgUrl": "https://multimedia.bbycastatic.ca/multimedia/products/250x250/159/15927/15927590.jpg",
        "title": "Fido Samsung Galaxy S21 FE 5G 128GB - Graphite - Monthly Financing",
        "rate":"",
        "price":"19.58",
        "p1":"Start activation online",
        "p2":"Sold in stores",
        "brand":"android"
      },
      {
        "id":4,
        "imgUrl": "https://multimedia.bbycastatic.ca/multimedia/products/250x250/159/15963/15963307.jpg",
        "title": "Rogers Samsung Galaxy S22 Ultra 5G 128GB - Burgundy - Monthly Financing",
        "rate":"",
        "price":"47.29",
        "p1":"Start activation online",
        "p2":"Sold in stores",
        "brand":"android"
      },
      {
        "id":5,
        "imgUrl": "https://multimedia.bbycastatic.ca/multimedia/products/250x250/159/15963/15963303.jpg",
        "title": "Rogers Samsung Galaxy S22 5G 128GB - Pink Gold - Monthly Financing",
        "rate":"",
        "price":"25.84",
        "p1":"Start activation online",
        "p2":"Sold in stores",
        "brand":"android"
      },
      {
        "id":6,
        "imgUrl": "https://multimedia.bbycastatic.ca/multimedia/products/250x250/159/15922/15922480.jpg",
        "title": "Freedom Samsung Galaxy S21 FE 5G 128GB - Graphite - Monthly Tab Payment",
        "rate":"",
        "price":"19.00",
        "p1":"Start activation online",
        "p2":"Sold in stores",
        "brand":"android"
      },
      {
        "id":7,
        "imgUrl": "https://multimedia.bbycastatic.ca/multimedia/products/250x250/160/16033/16033617.jpg",
        "title": "Fido Samsung Galaxy A53 5G 128GB - Awesome Black - Monthly Financing",
        "rate":"",
        "price":"9.99",
        "p1":"Start activation online",
        "p2":"Sold in stores",
        "brand":"android"
      },
      {
        "id":8,
        "imgUrl": "https://multimedia.bbycastatic.ca/multimedia/products/250x250/159/15963/15963304.jpg",
        "title": "Fido Samsung Galaxy S22 5G 128GB - Pink Gold - Monthly Financing",
        "rate":"",
        "price":"25.84",
        "p1":"Start activation online",
        "p2":"Sold in stores",
        "brand":"android"
      },
      {
        "id":9,
        "imgUrl": "https://multimedia.bbycastatic.ca/multimedia/products/250x250/159/15963/15963310.jpg",
        "title": "Fido Samsung Galaxy S22 Ultra 5G 256GB - Phantom Black - Monthly Financing",
        "rate":"",
        "price":"33.34",
        "p1":"Start activation online",
        "p2":"Sold in stores",
        "brand":"android"
      },{
        "id":10,
        "imgUrl": "https://multimedia.bbycastatic.ca/multimedia/products/250x250/149/14965/14965884.jpg",
        "title": "Rogers Samsung Galaxy S20 FE 5G 128GB - Cloud Navy - Monthly Financing",
        "rate":"",
        "price":"15.00",
        "p1":"Start activation online",
        "p2":"Sold in stores",
        "brand":"android"
      },
     
      {
        "id":11,
        "imgUrl": "https://multimedia.bbycastatic.ca/multimedia/products/250x250/157/15759/15759957.jpg",
        "title": "Bell Google Pixel 6 Pro 128GB - Stormy Black - Monthly Financing",
        "rate":"",
        "price":"30.00",
        "p1":"Start activation online",
        "p2":"Sold in stores",
        "brand":"android"
      },
      {
        "id":12,
        "imgUrl": "https://multimedia.bbycastatic.ca/multimedia/products/250x250/157/15759/15759958.jpg",
        "title": "https://multimedia.bbycastatic.ca/multimedia/products/250x250/157/15759/15759958.jpg",
        "rate":"",
        "price":"20.00",
        "p1":"Start activation online",
        "p2":"Sold in stores",
        "brand":"android"
      },
      {
        "id":13,
        "imgUrl": "https://multimedia.bbycastatic.ca/multimedia/products/250x250/157/15759/15759962.jpg",
        "title": "Rogers Google Pixel 6 128GB - Stormy Black - Monthly Financing",
        "rate":"",
        "price":"20.00",
        "p1":"Start activation online",
        "p2":"Sold in stores",
        "brand":"android"
      },
      {
        "id":14,
        "imgUrl": "https://multimedia.bbycastatic.ca/multimedia/products/250x250/159/15954/15954802.jpg",
        "title": "TELUS Samsung Galaxy S22 Ultra 5G 256GB - Phantom Black - Monthly Financing",
        "rate":"⭐⭐⭐⭐ (2 Reviews)",
        "price":"53.13",
        "p1":"Start activation online",
        "p2":"Sold in stores",
        "brand":"android"
      },
      {
        "id":15,
        "imgUrl": "https://multimedia.bbycastatic.ca/multimedia/products/250x250/159/15927/15927586.jpg",
        "title": "Fido Samsung Galaxy S21 FE 5G 128GB - Lavender - Monthly Financing",
        "rate":"",
        "price":"19.58",
        "p1":"Start activation online",
        "p2":"Sold in stores",
        "brand":"android"
      },
      {
        "id":16,
        "imgUrl": "https://multimedia.bbycastatic.ca/multimedia/products/250x250/157/15759/15759959.jpg",
        "title": "Fido Google Pixel 6 128GB - Stormy Black - Monthly Financing",
        "rate":"",
        "price":"20.00",
        "p1":"Start activation online",
        "p2":"Sold in stores",
        "brand":"android"
      },
      
      {
        "id":17,
        "imgUrl": "https://multimedia.bbycastatic.ca/multimedia/products/250x250/159/15963/15963309.jpg",
        "title": "Rogers Samsung Galaxy S22 Ultra 5G 256GB - Phantom Black - Monthly Financing",
        "rate":"",
        "price":"53.13",
        "p1":"Start activation online",
        "p2":"Sold in stores",
        "brand":"android"
      },
      {
        "id":18,
        "imgUrl": "https://multimedia.bbycastatic.ca/multimedia/products/250x250/157/15759/15759960.jpg",
        "title": "Rogers Google Pixel 6 Pro 128GB - Stormy Black - Monthly Financing",
        "rate":"⭐⭐⭐ (3 Reviews)",
        "price":"30.00",
        "p1":"Start activation online",
        "p2":"Sold in stores",
        "brand":"android"
      },
      {
        "id":19,
        "imgUrl": "https://multimedia.bbycastatic.ca/multimedia/products/250x250/156/15634/15634218.jpg",
        "title": "Koodo Samsung Galaxy Z Flip3 5G 128GB - Lavender - Monthly Tab Payment",
        "rate":"",
        "price":"33.00",
        "p1":"Start activation online",
        "p2":"Sold in stores",
        "brand":"android"
      },
      {
        "id":20,
        "imgUrl": "https://multimedia.bbycastatic.ca/multimedia/products/250x250/159/15927/15927585.jpg",
        "title": "Rogers Samsung Galaxy S21 FE 5G 128GB - Lavender - Monthly Financing",
        "rate":"⭐       (1 Reviews)",
        "price":"",
        "p1":"Start activation online",
        "p2":"Sold in stores",
        "brand":"android"
      }

]