[
  {
    "id": 1,
    "imgUrl": "https://multimedia.bbycastatic.ca/multimedia/products/250x250/157/15725/15725752.jpg",
    "title": "Amazon Fire TV 4-Series 55'' 4K UHD HDR LED Smart TV (B08T6H1RQD) - 2021",
    "rate": "⭐⭐⭐",
    "review": "(13 Reviews)",
    "top": "Top Deal",
    "save": "",
    "price": "459.9"
  },
  {
    "id": 2,
    "imgUrl": "https://multimedia.bbycastatic.ca/multimedia/products/250x250/153/15386/15386728.jpg",
    "title": "Amazon Fire TV Stick (3rd Gen) Media Streamer with Alexa Voice Remote",
    "rate": "⭐⭐⭐⭐⭐",
    "review": "(44 Reviews)",
    "top": "",
    "save": "",
    "price": "44.99"
  },
  {
    "id": 3,
    "imgUrl": "https://multimedia.bbycastatic.ca/multimedia/products/250x250/160/16039/16039528.jpg",
    "title": "Amazon Fire TV Stick Lite Media Streamer with Alexa Voice Remote Lite (2022)",
    "rate": "⭐⭐⭐⭐",
    "review": "(1 Reviews)",
    "top": "Top Deal",
    "save": "SAVE $15",
    "price": "34.99"
  },
  {
    "id": 4,
    "imgUrl": "https://multimedia.bbycastatic.ca/multimedia/products/250x250/156/15665/15665553.jpg",
    "title": "Amazon Fire TV Stick 4K Max Media Streamer with Alexa Voice Remote",
    "rate": "⭐⭐⭐⭐⭐",
    "review": "19 Reviews)",
    "top": "Top deal",
    "save": "SAVE $5",
    "price": "59.99"
  },
  {
    "id": 5,
    "imgUrl": "https://multimedia.bbycastatic.ca/multimedia/products/250x250/157/15745/15745797.jpg",
    "title": "Amazon Kindle Paperwhite 8GB 6.8'' Digital eReader with Touchscreen (B08N36XNTT) - Black",
    "rate": "⭐⭐⭐⭐⭐",
    "review": "(3 Reviews)",
    "top": "Top Deal",
    "save": "SAVE $25",
    "price": "124.99"
  },
  {
    "id": 6,
    "imgUrl": "https://multimedia.bbycastatic.ca/multimedia/products/250x250/156/15665/15665552.jpg",
    "title": "Amazon Fire TV Stick 4K (2021) Media Streamer with Alexa Voice Remote",
    "rate": "⭐⭐⭐⭐",
    "review": "(36 Reviews)",
    "top": "Top Deal",
    "save": "SAVE $15",
    "price": "54.99"
  },
  {
    "id": 7,
    "imgUrl": "https://multimedia.bbycastatic.ca/multimedia/products/250x250/157/15725/15725755.jpg",
    "title": "Amazon Fire TV 4-Series 43'' 4K UHD HDR LED Smart TV (B08T6FMSY8) - 2021",
    "rate": "⭐⭐⭐⭐",
    "review": "(15 Reviews)",
    "top": "Top Deal",
    "save": "",
    "price": "359.9"
  },
  {
    "id": 8,
    "imgUrl": "https://multimedia.bbycastatic.ca/multimedia/products/250x250/130/13023/13023977.jpg",
    "title": "Amazon Echo Dot (3rd Gen) Smart Speaker with Alexa - Charcoal",
    "rate": "⭐⭐⭐⭐⭐",
    "review": "(27528 Reviews)",
    "top": "Top Deal",
    "save": "SAVE $5",
    "price": "29.99"
  },
  {
    "id": 9,
    "imgUrl": "https://multimedia.bbycastatic.ca/multimedia/products/250x250/157/15725/15725757.jpg",
    "title": "Amazon Fire TV Omni 75'' 4K UHD HDR LED Smart TV (B08T6DX84M) - 2021",
    "rate": "",
    "review": "(0 Reviews)",
    "top": "",
    "save": "SAVE $315",
    "price": "959.99"
  },
  {
    "id": 10,
    "imgUrl": "https://multimedia.bbycastatic.ca/multimedia/products/250x250/146/14640/14640234.jpg",
    "title": "Amazon Fire HD 8 Kids Edition 8'' 32GB FireOS Tablet with MTK/MT8168 4-Core Processor - Blue",
    "rate": "⭐⭐⭐⭐",
    "review": "(29 Reviews)",
    "top": "Top Deal",
    "save": "SAVE $35",
    "price": "179"
  }
]
