[
    {
        "id":1,
        "imgUrl": "https://multimedia.bbycastatic.ca/multimedia/products/250x250/133/13371/13371675.jpeg",
        "title": "Goplus 11' inflactable Stand Up Paddle board W/Bag Aluminium Paddle Pump",
        "rate":"⭐⭐⭐⭐",
        "review":"(4 Reviews)",
        "top":"Top Deal",
        "save":"SAVE $410",
        "price":"289.99"
      },
      {
        "id":2,
        "imgUrl": "https://multimedia.bbycastatic.ca/multimedia/products/250x250/153/15341/15341670.jpg",
        "title": "Samsung Galaxy S21 5G 128Gb- Phanthom Grey- Unlocked -Open Box",
        "rate":"⭐⭐⭐⭐⭐",
        "review":"(1 Reviews)",
        "top":"Top Deal",
        "save":"SAVE $300",
        "price":"679.99"
      },
      {
        "id":3,
        "imgUrl": "https://multimedia.bbycastatic.ca/multimedia/products/250x250/153/15341/15341213.jpeg",
        "title": "Costway 7 Pcs Patio Ratttan Dining set Sectional Sofa Crouch",
        "rate":"",
        "review":"(0 Reviews)",
        "top":"Top Deal",
        "save":"SAVE $378",
        "price":"1,299.99"
      },
      {
        "id":4,
        "imgUrl": "https://multimedia.bbycastatic.ca/multimedia/products/250x250/160/16032/16032641.png",
        "title": "GYROCOPTER STROM Electric 27.5 Inch Mountain Bike",
        "rate":"⭐⭐⭐⭐",
        "review":"(1 Reviews)",
        "top":"Top Deal",
        "save":"SAVE $600",
        "price":"1,599.99"
      },
      {
        "id":5,
        "imgUrl": "https://multimedia.bbycastatic.ca/multimedia/products/250x250/161/16144/16144565.jpeg",
        "title": "Dyson Official Outlet - TpO7 Purifier Cool purify fan, white/Silver",
        "rate":"⭐",
        "review":"(2 Reviews)",
        "top":"Top Deal",
        "save":"SAVE $150",
        "price":"449.99"
      },
      {
        "id":6,
        "imgUrl": "https://multimedia.bbycastatic.ca/multimedia/products/250x250/160/16003/16003150.jpg",
        "title": "Bell Apple iPhone 13 Pro Max 128GB - Alpine Green - Monthly Financing",
        "rate":"⭐⭐⭐⭐",
        "review":"(111 Reviews)",
        "save":"SAVE $415",
        "price":"299.99"
      },
      {
        "id":7,
        "imgUrl": "https://multimedia.bbycastatic.ca/multimedia/products/250x250/157/15727/15727261.jpg",
        "title": "Rogers Apple iPhone 13 Pro Max 128GB - Sierra Blue - Monthly Financing",
        "rate":"",
        "review":"(0 Reviews)",
        "top":"Top Deal",
        "save":"SAVE $14",
        "price":"66.38"
      },
      {
        "id":8,
        "imgUrl": "https://multimedia.bbycastatic.ca/multimedia/products/250x250/160/16003/16003165.jpg",
        "title": "Fido Apple iPhone 13 Pro 128GB - Alpine Green - Monthly Financing",
        "rate":"",
        "review":"( Reviews)",
        "top":"Top Deal",
        "save":"SAVE $5",
        "price":"33.34"
      },

      {
        "id":9,
        "imgUrl": "https://multimedia.bbycastatic.ca/multimedia/products/250x250/160/16003/16003167.jpg",
        "title": "Fido Apple iPhone 13 128GB - Green - Monthly Financing",
        "rate":"⭐⭐⭐⭐",
        "review":"(5 Reviews)",
        "top":"Top Deal",
        "save":"",
        "price":"32.09"
      },
      {
        "id":10,
        "imgUrl": "https://multimedia.bbycastatic.ca/multimedia/products/250x250/160/16003/16003206.jpg",
        "title": "TELUS Apple iPhone 13 128GB - Green - Monthly Financing",
        "rate":"",
        "review":"(0 Reviews)",
        "top":"Top Deal",
        "save":"SAVE $18",
        "price":"32.08"
      }
      
]