[
    {
        "id":1,
        "imgUrl": "https://multimedia.bbycastatic.ca/multimedia/products/250x250/156/15643/15643341.jpg",
        "title": "ASUS Flip CM5 15.6'' Touchscreen Chromebook - Grey",
        "rate":"⭐⭐⭐⭐",
        "review":"(4 Reviews)",
        "top":"Top Deal",
        "save":"250",
        "price":"499"
      },
      {
        "id":2,
        "imgUrl": "https://multimedia.bbycastatic.ca/multimedia/products/250x250/157/15731/15731968.jpg",
        "title": "Shark S7000C Steam & Scrub Mop",
        "rate":"",
        "review":"(0 Reviews)",
        "top":"",
        "save":"",
        "price":"199.99"
      },
      {
        "id":3,
        "imgUrl": "https://multimedia.bbycastatic.ca/multimedia/products/250x250/160/16022/16022243.jpg",
        "title": "Dell G15 15.6'' Gaming Laptop -Blck (Intel Core i7-12700H/512Gb..",
        "rate":"",
        "review":"(0 Reviews)",
        "top":"",
        "save":"",
        "price":"1,899.99"
      },
      {
        "id":4,
        "imgUrl": "https://multimedia.bbycastatic.ca/multimedia/products/250x250/101/10168/10168188.jpg",
        "title": "HP 61XL Tri-Color Ink (CH56WN#140)",
        "rate":"⭐⭐⭐⭐",
        "review":"(3292 Reviews)",
        "top":"",
        "save":"",
        "price":"71.99"
      },
      {
        "id":5,
        "imgUrl": "https://multimedia.bbycastatic.ca/multimedia/products/250x250/103/10322/10322950.jpg",
        "title": "Hp 62XL Tri-Color Ink (C2P07AN#140)",
        "rate":"⭐⭐⭐⭐⭐",
        "review":"(3695 Reviews)",
        "top":"",
        "save":"",
        "price":"69.99"
      },
      {
        "id":6,
        "imgUrl": "https://multimedia.bbycastatic.ca/multimedia/products/250x250/104/10404/10404285.jpg",
        "title": "HP 63 Black Ink (F6U62AN#140)",
        "rate":"⭐⭐⭐⭐⭐",
        "review":"(32.99 Reviews)",
        "top":"",
        "save":"",
        "price":"32.99"
      },
      {
        "id":7,
        "imgUrl": "https://multimedia.bbycastatic.ca/multimedia/products/250x250/105/10574/10574421.jpg",
        "title": "HP LAser Jet 654A Cyan Toner (CF331A)",
        "rate":"⭐⭐⭐⭐⭐",
        "review":"(1 Reviews)",
        "top":"",
        "save":"",
        "price":"603"
      },
      {
        "id":8,
        "imgUrl": "https://multimedia.bbycastatic.ca/multimedia/products/250x250/116/11622/11622686.jpg",
        "title": "HP Color and Black Ink (Z2H77AN#140)",
        "rate":"⭐⭐⭐⭐⭐",
        "review":"(516 Reviews)",
        "top":"",
        "save":"",
        "price":"74.99"
      },
      {
        "id":9,
        "imgUrl": "https://multimedia.bbycastatic.ca/multimedia/products/250x250/122/12243/12243908.jpg",
        "title": "HP 202A Black Toner (CF500A)",
        "rate":"⭐⭐⭐⭐⭐",
        "review":"(261 Reviews)",
        "top":"",
        "save":"",
        "price":"104"
      },
      {
        "id":10,
        "imgUrl": "https://multimedia.bbycastatic.ca/multimedia/products/250x250/135/13579/13579622.jpg",
        "title": "Shark WANDVAC Handheld Vaccume- Graphite",
        "rate":"⭐⭐⭐⭐",
        "review":"(740 Reviews)",
        "top":"",
        "save":"",
        "price":"179.99"
      },
      {
        "id":11,
        "imgUrl": "https://multimedia.bbycastatic.ca/multimedia/products/250x250/138/13836/13836140.jpg",
        "title": "Shark IQ Robot Self-Empty Robot Vaccume-Blck",
        "rate":"⭐⭐⭐⭐",
        "review":"(2960 Reviews)",
        "top":"",
        "save":"",
        "price":"699.99"
      },
      {
        "id":12,
        "imgUrl": "https://multimedia.bbycastatic.ca/multimedia/products/250x250/145/14591/14591240.jpg",
        "title": "Sonos Five Wireless Multi-room Speaker- Single- Black",
        "rate":"⭐⭐⭐⭐⭐",
        "review":"(789 Reviews)",
        "top":"",
        "save":"",
        "price":"699.99"
      },
      {
        "id":13,
        "imgUrl": "https://multimedia.bbycastatic.ca/multimedia/products/250x250/145/14591/14591241.jpg",
        "title": "Google Chromecat with Google TV- Show",
        "rate":"⭐⭐⭐⭐",
        "review":"(901 Reviews)",
        "top":"Top Deal",
        "save":"10",
        "price":"59.99"
      },
      {
        "id":14,
        "imgUrl": "https://multimedia.bbycastatic.ca/multimedia/products/250x250/155/15568/15568276.jpg",
        "title": "Toshiba Canvio Ready 2TB USB 3.0 External Hard Drive...",
        "rate":"⭐⭐⭐⭐",
        "review":"(17 Reviews)",
        "top":"",
        "save":"",
        "price":"63.98"
      },
      {
        "id":15,
        "imgUrl": "https://multimedia.bbycastatic.ca/multimedia/products/250x250/156/15643/15643341.jpg",
        "title": "ASUS Flip CMN 15.6'' Touchscreen Chromebook- Grey",
        "rate":"⭐⭐⭐⭐",
        "review":"(4 Reviews)",
        "top":"Top Deal",
        "save":"250",
        "price":"499.99"
      }
      
]